date,A,B,C
2013-07-02,100.0,102.0,104.0
2013-07-03,100.35061064336858,102.20924275751223,104.58921908519523
2013-07-05,100.72488910307574,101.64008314971946,100.91324602714234
2013-07-08,100.74230456395513,102.86104303114709,103.91035568053327
2013-07-09,101.36059213634302,102.18202403260469,101.23888768635621
2013-07-10,100.9160848860634,102.14418028323256,99.61269363561148
2013-07-11,100.34649203063958,104.79514381264667,99.3722509825624
2013-07-12,99.24763695093671,106.59300692912747,99.47237542383368
2013-07-15,99.16634601678199,108.02832005585282,100.24224179768078
2013-07-16,99.04491952329658,107.56120682210555,97.86509116977821
2013-07-17,99.68107803719738,107.77954255624402,98.38598472435905
2013-07-18,98.26337382382428,107.13940020513556,95.87410586294396
2013-07-19,100.01449068518603,105.82400116887462,98.1552727114233
2013-07-22,100.27926300644874,105.98042623020618,99.14751624924641
2013-07-23,100.36286644308939,106.08905177664097,98.83233948773069
2013-07-24,100.505024346376,106.84738565465993,96.53813961509701
2013-07-25,101.33998513807809,106.38703451009573,96.74292826092588
2013-07-26,101.94232549734903,107.49975380357687,96.89552624930992
2013-07-29,102.74974158279234,107.1525483967354,97.04903822522232
2013-07-30,103.02352300316356,105.91601317701905,96.38698548994026
2013-07-31,102.12593152601838,106.3862543421981,99.94097405828697
2013-08-01,102.91809013386633,106.46772923443925,99.12597389132317
2013-08-02,102.97325136412543,107.34975541784581,98.7330715105886
2013-08-05,103.3950458594232,106.4864372947151,100.10818393632235
2013-08-06,103.4697573514302,107.45475291129554,100.55689169366077
2013-08-07,102.69739984663155,105.19644462711565,100.37227265691246
2013-08-08,102.70879318091606,106.13118303581692,101.99718164720014
2013-08-09,103.06955049970539,105.00608565279126,102.76985697341085
2013-08-12,102.54494880167974,105.0087458574005,101.59205258586715
2013-08-13,102.34856206486944,104.37685744004139,102.58008435464734
2013-08-14,101.46102484297982,103.0081457705092,100.9845904063321
2013-08-15,102.28536485869076,103.54876211325023,100.49743951024642
2013-08-16,102.52676997549922,104.66866983537403,98.25704069805543
2013-08-19,102.59229219268047,102.8239867526773,100.42369151793218
2013-08-20,103.93055891018858,102.68764893531572,99.11668439402033
2013-08-21,103.53438723770364,102.35112143299877,99.13637135922463
2013-08-22,102.71510167707066,103.0335189947352,99.14132822112383
2013-08-23,103.6657972034655,102.69640326735403,99.91888476542474
2013-08-26,103.30569633832974,101.8409625215226,100.44710626849577
2013-08-27,102.65257166393276,101.69827303611402,102.04446578275184
2013-08-28,102.61863258285253,100.49294314059576,103.5395256269417
2013-08-29,102.51041045971901,99.64605653316089,103.9132807228437
2013-08-30,101.87513722986951,100.59011101378637,107.36816923881203
2013-09-03,102.82624496584472,101.34471344228398,107.5870806473094
2013-09-04,103.51694937015277,99.98752015129567,108.22477156431633
2013-09-05,102.54948383519489,101.35212552865812,107.63877303876785
2013-09-06,102.4721794672971,102.71985667177223,106.21690450093935
2013-09-09,101.74724575779952,102.77856657380768,105.08298284574184
2013-09-10,102.22209976163622,102.59990839599958,105.44531597282214
2013-09-11,101.54563052567474,102.70371546939691,109.31879294105212
2013-09-12,100.85989299311838,100.06537731371982,108.93682235737447
2013-09-13,99.82721728804835,99.77121104459663,111.58384081674485
2013-09-16,99.40892062285683,101.04190677003929,111.61319372137686
2013-09-17,99.45185613266878,101.5165361247706,115.10900689200443
2013-09-18,98.79750849195396,102.5070385363599,116.21591009279317
2013-09-19,99.91205889331177,101.77569372170157,117.50962798050524
2013-09-20,99.23437562492448,103.2937643994384,116.45463298806399
2013-09-23,98.42049249020248,104.18046838561997,117.87481856848883
2013-09-24,98.9863394474,103.2695991123713,120.07244143422895
2013-09-25,99.0261065028635,102.70457909388321,119.72928438121012
2013-09-26,99.21458712236924,102.61953203080337,120.75655757162394
2013-09-27,99.17536684340214,101.62427294723199,121.72762937030598
2013-09-30,98.63873337768378,99.9411915532653,124.31512589178254
2013-10-01,98.10050007609064,99.82502938451994,127.9588159444165
2013-10-02,98.95606881378191,99.3722001236016,124.82624363225528
2013-10-03,98.16059282012512,98.97231136988762,125.71741855169307
2013-10-04,98.146555538829,100.00230426606431,129.2301904150924
2013-10-07,97.40572924557803,100.50960735967094,129.70690251465254
2013-10-08,97.47123907161377,98.71090988541376,127.98408429756672
2013-10-09,98.5033046139717,98.0952219134914,129.1739655437844
2013-10-10,98.67871484408906,97.46785274283002,125.49937101055738
2013-10-11,97.00319616477165,96.90456255391918,127.52256337440988
2013-10-14,96.73300476485419,97.44495188070589,129.57867396214766
2013-10-15,95.8851262315231,97.58473002768707,128.1762860147906
2013-10-16,95.88301978536997,97.96981966906507,126.5914727751899
2013-10-17,95.69476048323725,97.41001269883675,122.96777960420215
2013-10-18,95.36904547364676,98.13299632458104,121.24644571402523
2013-10-21,95.12268635261279,97.5590023870215,118.1153168240806
2013-10-22,95.09145241226024,97.58425398099114,118.93758923469612
2013-10-23,94.97876708071487,97.14459761274048,117.2046076383996
2013-10-24,94.92639054486757,98.0231185504487,119.1692799182573
2013-10-25,95.42186127378159,96.7466649057849,120.08031665870854
2013-10-28,95.21974336355466,97.16703419414897,120.02363626672648
2013-10-29,95.92653477953927,98.50801693058634,119.54072011135123
2013-10-30,95.96690379022347,98.55577679099783,119.68680086232091
2013-10-31,95.16655087846463,97.44591065131233,121.20977377595865
2013-11-01,95.23224289339205,98.54964741524726,122.6521968302822
2013-11-04,95.52544053182774,99.75075318572542,121.10981702640247
2013-11-05,95.84421013841234,100.57891822326386,121.50501252365937
2013-11-06,96.0829838327241,99.96738979204808,120.70777313068155
2013-11-07,95.13653997726622,99.26922699219632,121.23465916653328
2013-11-08,95.62313303121539,99.7379302934213,122.49449082446492
2013-11-11,96.76084982656172,99.04279572005127,122.76608108323245
2013-11-12,97.18190204045526,99.1177289016832,121.59680561757612
2013-11-13,97.67637613154535,99.9941769317418,121.53688402029405
2013-11-14,97.26648492034177,100.89845210445728,121.82110330344683
2013-11-15,97.49496007493556,99.74841713807925,119.70750453279447
2013-11-18,98.17212681004244,98.52984156127405,119.74042568757125
2013-11-19,98.0814438152372,98.22849011138355,117.09491365625105
2013-11-20,97.91765411168075,99.19342306963884,118.37327365786473
2013-11-21,98.51229391719527,98.82549767161304,118.93206100242496
2013-11-22,98.87402279140188,100.40179387242662,117.97311764726024
2013-11-25,98.90761407550856,100.97327542259258,117.12858289504918
2013-11-26,99.02407240169609,100.19348611918643,116.61658776384121
2013-11-27,98.88229449461417,100.98820963251353,116.94652638456223
2013-11-29,100.17912044118532,101.0236466511695,118.81923761403864
2013-12-02,100.93737946264139,101.15750542310185,120.08550775566576
2013-12-03,101.21501906789867,102.31987243833879,118.4165745212127
2013-12-04,100.09902105883398,102.70910114770888,117.84745160611918
2013-12-05,99.4736743730932,103.41099520674413,119.97821468456883
2013-12-06,99.13621834344686,103.43848460091154,119.81278312155204
2013-12-09,99.18883020304197,102.72112363976959,116.25405098794425
2013-12-10,99.2161961417488,102.23952746394549,117.02998941342793
2013-12-11,99.48453666320118,102.13151505388448,116.70046563647195
2013-12-12,99.39622320752844,103.6051204280503,118.44499279195065
2013-12-13,99.07493097720287,103.75551088326765,118.74523665289469
2013-12-16,99.2508625748632,103.57489218638757,115.45293063431077
2013-12-17,97.9904459447879,103.13723550700163,116.70523720394739
2013-12-18,97.46423981576096,102.68104944182197,115.34743989576586
2013-12-19,97.02862396547253,101.80416578280314,115.2811729238666
2013-12-20,97.23769470191903,102.61494533019676,115.62302927134482
2013-12-23,97.0072871636212,102.26082082165098,114.64965949847083
2013-12-24,97.36079876625672,101.37280379627688,118.06026373175598
2013-12-26,97.78675256880106,102.95769513759134,120.64185335634114
2013-12-27,97.31063471350575,101.90327407909808,120.00513750547414
2013-12-30,97.33135999194374,104.20513074813886,120.75181789095024
2013-12-31,97.88272334217336,103.6977565379975,121.94415878467109
2014-01-02,98.43807453275707,105.28839042438706,122.17721172177002
2014-01-03,98.41641559368149,105.87960692457092,123.41106292415867
2014-01-06,99.57355218754488,106.58805571262936,121.50544477182653
2014-01-07,100.5583465776552,106.51040023299511,123.80446066625235
2014-01-08,101.02935358965443,106.75405610333866,121.80354381794457
2014-01-09,101.2120441965856,106.33782567440836,118.79079244630168
2014-01-10,100.82729523600331,105.0614174763664,119.68175849026794
2014-01-13,101.75182133812281,106.58003637185516,120.792073879581
2014-01-14,100.83908702663096,105.85964520286282,123.03238308302087
2014-01-15,99.92614020854123,106.81033696194712,124.45537461438114
2014-01-16,100.2303646930139,105.23878230651704,122.85801179152246
2014-01-17,101.11960699711973,106.44943222948255,120.85888291674449
2014-01-21,100.85620011040292,105.34121093970819,120.1434494876233
2014-01-22,100.25164161632853,105.14995038875075,120.43618710253965
2014-01-23,100.50867384173519,105.9653231086872,120.66633419902043
2014-01-24,100.51730991060612,105.28883347408494,120.80679925921099
2014-01-27,100.14710067152048,106.3742313334484,120.55308587994065
2014-01-28,100.96719494343725,106.09664287963858,121.7607909404075
2014-01-29,102.15473726375964,105.11636606800226,123.91711576329047
2014-01-30,102.33731951968323,104.30710121556544,124.59221596099148
2014-01-31,102.90200193877216,105.38485428053947,124.42426414809721
2014-02-03,103.08076267840407,107.53028100977784,122.87203326766566
2014-02-04,103.50741076381901,107.69703672293208,125.79195527274878
2014-02-05,104.02815634626837,106.97869490745703,126.65115185545268
2014-02-06,104.59921591408047,106.21497786458349,129.82256247424758
2014-02-07,104.77659897083265,107.13131323095827,127.88237166527216
2014-02-10,104.09494645750196,105.47042697697215,127.16343564730363
2014-02-11,104.48400646740315,105.84593529572786,130.50560788771278
2014-02-12,103.3376108748372,104.83391971271692,130.20190904622683
2014-02-13,102.87815747383264,105.74551145455516,130.75130210881485
2014-02-14,103.71700379920394,104.65669404674456,129.3469351342046
2014-02-18,104.54842157097589,104.2552138573559,131.72354819014663
2014-02-19,104.98259028596982,104.33724831010133,129.8055413491403
2014-02-20,104.31623910565554,103.8839592675879,132.34563491941046
2014-02-21,103.9053986327444,103.41204561495219,126.2887578397882
2014-02-24,103.86421197072985,104.17971464706551,126.88644294835785
2014-02-25,103.6065509851763,104.57190881328977,127.9493584593256
2014-02-26,103.6452903725255,104.42898554891826,129.36380150222504
2014-02-27,103.93355248559365,104.83737099316582,131.41636700786728
2014-02-28,103.87667824734757,104.20918473633957,130.86073263571873
2014-03-03,103.88277062367496,105.03168580669262,128.39584399873502
2014-03-04,103.20823900280541,104.80865794947255,127.36991388018994
2014-03-05,102.37217100750443,104.71499064501194,131.32954973436412
2014-03-06,101.3091880760855,104.65823154727101,131.03954698144827
2014-03-07,101.45691049161198,104.18205179404762,131.38109650853187
2014-03-10,101.2119258424934,105.00713775397139,130.81893110384402
2014-03-11,100.38413341582061,104.97905373859206,132.59879962413365
2014-03-12,101.83529925975722,105.11864125759483,130.56585031755367
2014-03-13,101.593800605978,106.47723785822589,132.92437336085916
2014-03-14,101.64479086868612,106.0063582299256,132.67481213539747
2014-03-17,100.15113646510488,105.95327480212559,133.10658210579726
2014-03-18,100.39738050667117,105.93183414372459,130.92196687825196
2014-03-19,100.4037634705035,104.82449516543383,134.35143892652368
2014-03-20,100.56626177670428,105.85454385345253,136.76477184135132
2014-03-21,100.16222716255224,104.7737704208399,138.73537371908716
2014-03-24,100.71316019059286,104.89358657758822,138.49670604699767
2014-03-25,101.03132512102655,106.40798085564957,135.22316130557815
2014-03-26,100.42362615723813,106.99601089906524,135.1873176025895
2014-03-27,100.31807602299578,107.18661498210874,136.2823804559603
2014-03-28,100.28419106456506,106.7806090121395,134.47285839675422
2014-03-31,100.71276803561472,107.86447038479157,137.2771762642086
2014-04-01,100.18490663802635,108.645213128404,132.22542957398136
2014-04-02,100.0714016867522,109.19992138712665,132.40965504377775
2014-04-03,101.04132141080765,108.34840130234902,134.15716211365918
2014-04-04,100.77262590780823,107.84494156150612,130.23957349597075
2014-04-07,100.7020080962489,106.15059475148004,132.13269376633073
2014-04-08,100.29366810586265,106.10968852612544,130.4266821497201
2014-04-09,101.48008371519317,104.52063588351899,130.1255904484452
2014-04-10,101.7715763119738,105.3508032675399,133.3134265575694
2014-04-11,101.88656828429859,104.71910188033364,133.63931503945943
2014-04-14,101.55319064430823,104.66700001773066,132.0192604492688
2014-04-15,101.15761446660913,105.54460400222443,129.9473669756653
2014-04-16,101.13629050594946,106.57064401191097,130.75794885805627
2014-04-17,102.18810693499168,107.46522639495072,130.00012107089958
2014-04-21,102.04511441847234,106.76562849289887,129.14850354782075
2014-04-22,102.60385476915381,106.27712382584774,131.57861332929483
2014-04-23,102.68152380471959,105.49855708632585,132.6021477430134
2014-04-24,102.51481041433335,106.03592191040528,131.31057336226587
2014-04-25,101.48315570361993,105.64371549850246,130.5790958649857
2014-04-28,101.67354976343874,105.05293372150089,130.21311283612138
2014-04-29,100.62820806330082,103.06100410004632,126.31120886671276
2014-04-30,100.44477626065122,105.33352061905045,127.07018681215706
2014-05-01,100.88723617585863,106.03098453226718,126.80851744359947
2014-05-02,101.26904362447773,105.2673540113692,126.81465856376751
2014-05-05,101.34695774135623,105.99410432828428,127.24243368419764
2014-05-06,99.87543709152058,105.4639287126545,128.87054746552585
2014-05-07,99.3561494242436,105.69094674535746,131.03471357093235
2014-05-08,97.84426483038142,107.29283555546213,132.39229306911326
2014-05-09,97.5059879197285,107.72992832743009,129.31035490280243
2014-05-12,98.5239381482564,107.04047951717513,131.11077015143854
2014-05-13,99.45171377301678,106.96979666122763,133.69998643984053
2014-05-14,99.58658764687577,107.73063250204582,131.44726336137535
2014-05-15,99.4611336314652,108.29113378094613,130.88554114547915
2014-05-16,99.55999598321102,110.30115138893247,129.2957935724756
2014-05-19,99.00437471326204,109.5396309679679,130.30783953548234
2014-05-20,98.64319503788938,109.46261898779967,129.28999698806183
2014-05-21,98.77848760317146,108.93455323262556,129.45239697283156
2014-05-22,98.62959782551175,109.93242290602171,127.02549450648281
2014-05-23,99.0666910154352,109.30523488580293,125.68897185471607
2014-05-27,98.59036354838184,107.42528969007893,125.34538336773288
2014-05-28,97.43644241799066,108.98090459448031,122.88127819910235
2014-05-29,96.64479225876295,109.32494804514276,121.14783177705905
2014-05-30,97.06280890384643,109.07945979762405,119.85153197027128
2014-06-02,96.98562776769798,110.09657065152639,114.78296589563148
2014-06-03,98.81150561196395,109.85287479307259,116.85698014753265
2014-06-04,98.0515482038743,111.00604240537372,118.39657538537081
2014-06-05,97.8659090581748,111.669665881726,125.55090474573895
2014-06-06,96.55877672067261,111.70564748406527,126.82552800923062
2014-06-09,96.57653676908583,113.11868147831457,127.00198220710256
2014-06-10,96.34209738038376,112.46983239770323,123.88362771985389
2014-06-11,95.97881228136977,113.14735330543571,125.64316865830135
2014-06-12,95.81854137149217,112.8746436761326,127.28991913149851
2014-06-13,95.04091215527572,112.3238218178713,128.17534902882355
2014-06-16,95.31225545137602,112.91315213849121,130.23626724352633
2014-06-17,95.1998230098208,112.98313626435774,127.6321493761916
2014-06-18,96.15756163019019,110.81083605102828,129.86551109056327
2014-06-19,95.32549300806738,111.1110802850913,127.51856110740995
2014-06-20,95.9913250547806,110.77640792244084,128.20565126689195
2014-06-23,95.86588740816406,111.24266859391054,129.2664203995348
2014-06-24,95.50083384734867,109.98562470877879,130.58051385084735
2014-06-25,95.22313531347923,109.45992094438077,133.26340506982112
2014-06-26,94.85059126835603,107.76371928414228,132.73910596196427
2014-06-27,96.14339249594086,109.23248570158009,130.35577742934146
2014-06-30,95.99772733168741,109.13052839854227,129.56275851404757
2014-07-01,96.06403708640394,108.57037101784194,129.30441971343444
2014-07-02,97.09849875840523,108.82200413801287,129.13964717688137
2014-07-03,97.71953845203844,108.84309090291853,128.43903039665352
2014-07-07,99.27824676041963,107.30631314298897,129.36637455107868
2014-07-08,100.15658000803784,108.18423068122884,130.95276199214828
2014-07-09,100.47331153593039,107.04219994977429,130.12682837656155
2014-07-10,100.20976920951956,108.2217209922495,129.33979528402247
2014-07-11,100.27544158333015,108.72806327137202,132.20135631979295
2014-07-14,99.92000699613986,108.53468623855747,131.16333289160275
2014-07-15,101.05034434264542,109.18693502139737,128.59567140149377
2014-07-16,102.39508952415594,108.54036658554033,130.52085250408385
2014-07-17,102.73406315760381,107.0454508241126,133.47290970055752
2014-07-18,101.7501474547011,107.51038290958351,136.3668740435129
2014-07-21,101.54446124533952,107.38916593809374,136.16704642151544
2014-07-22,100.96951305579232,106.67449450685334,137.68799123312914
2014-07-23,100.22485030317034,105.781864369029,140.0098226777365
2014-07-24,101.19521610529543,106.60595617784122,137.31282502772527
2014-07-25,101.4136318106285,106.9010618925648,142.68721461110854
2014-07-28,100.1228258167944,107.87838501537858,141.60656879432747
2014-07-29,100.97982585061116,106.83253260121862,142.46856559543477
2014-07-30,101.72678360806043,107.33958229602636,141.41476221195944
2014-07-31,101.96621107429016,109.08179231799497,144.6466799201819
2014-08-01,102.00734005017624,109.05584672036545,144.0220617326846
2014-08-04,102.44515118501579,110.33140752090563,139.87820205822985
2014-08-05,103.07596871240054,109.51769112269288,136.97870907939054
2014-08-06,103.74326337768709,110.4979253223138,138.4220026961137
2014-08-07,103.55236946386448,110.23993014960975,141.69625665230177
2014-08-08,103.2057709547743,109.58963553074845,141.13508190297998
2014-08-11,101.93780360517205,108.44751888807613,140.83873748741675
2014-08-12,101.68936055285876,108.12131163950954,145.83220228523913
2014-08-13,101.40494634852885,109.10912318137878,148.67063254423408
2014-08-14,100.9278116189967,108.07457597581111,142.2706396960002
2014-08-15,101.28342438986321,107.22895161138403,140.97179759267124
2014-08-18,102.61260117465628,106.34502222984415,138.46635795642874
2014-08-19,101.83766993386261,106.28348463112798,135.5293809443788
2014-08-20,101.04882750866095,106.68135368221107,135.78237001056158
2014-08-21,101.55359006719307,106.31815898201539,138.51595624386422
2014-08-22,101.86652451830321,108.08255551662478,140.00725691599752
2014-08-25,101.25770863123387,108.13209186538852,143.30235616109314
2014-08-26,101.0052987414003,106.69756980025895,140.51395200446157
2014-08-27,100.61968714720258,106.3530732435203,141.91809563477736
2014-08-28,101.23050461876548,106.30999073779775,142.64118918877836
2014-08-29,100.90019799161173,106.23950219776565,141.31055775678882
2014-09-02,100.7462526248553,106.76506154830611,142.30708065446717
2014-09-03,101.02501069797277,106.64590301678282,143.52062288517018
2014-09-04,101.10484047318816,106.68259474322973,142.96282982565265
2014-09-05,101.06990440257296,106.11853418306833,141.16358778796936
2014-09-08,100.22102071040692,105.63043392518048,142.12806688897993
2014-09-09,101.44147699212914,104.78420616124912,139.55660570847067
2014-09-10,101.59548542841772,105.19704567333403,138.97250947787728
2014-09-11,101.0462283043366,105.05943698467561,136.12445652868726
2014-09-12,101.76752454889238,103.85447715342988,137.2864301962265
2014-09-15,101.31730896384829,102.8524360172889,135.9369679772794
2014-09-16,100.4760159273606,102.03805237427092,136.15730690542048
2014-09-17,99.80987143445621,102.53765949435713,134.07490113714388
2014-09-18,99.72083241646273,100.17590906722316,132.09593885244104
2014-09-19,98.96998371810047,100.52101869848197,127.71071190843286
2014-09-22,99.78244973812768,99.9791824621123,129.08539796338513
2014-09-23,100.26478268123837,100.1419912115547,130.07432901243422
2014-09-24,100.57988858000058,101.44674087226667,130.91081399911826
2014-09-25,100.79404768518539,102.84275884357493,128.53461561122833
2014-09-26,99.98553404864171,102.03955416966183,132.36213871246608
2014-09-29,99.61689037018975,101.9957003379734,134.53695673194582
2014-09-30,98.77486791436586,103.17580419770668,137.10506355073673
2014-10-01,97.8685445044173,102.58386713046718,134.4493317357167
2014-10-02,97.6258496241705,104.0060587811702,135.68304247919838
2014-10-03,98.14500246869504,104.31308410738468,135.8512688084268
2014-10-06,98.45245521434512,104.5730964039415,135.20098580590331
2014-10-07,97.8417660157315,105.35727748222615,133.0623350514085
2014-10-08,98.7938317309247,105.09258292602388,132.94258844582848
2014-10-09,98.28947392553908,104.92105266741623,132.57381882460427
2014-10-10,97.87939170316366,105.397339166609,132.30966414921375
2014-10-13,97.89131270568959,105.44664611946982,130.3462378097498
2014-10-14,97.75220877632044,107.83658655923004,132.05354603408307
2014-10-15,97.17302195995313,107.38533967739907,133.065257052039
2014-10-16,96.04754161030769,107.06004846602009,136.8978236961395
2014-10-17,96.28530258210465,107.3975814260985,138.44376243774283
2014-10-20,94.73472441460736,106.51975204488875,133.42862652624535
2014-10-21,94.4240692774097,107.67765893987634,135.195031407025
2014-10-22,94.58994690372485,108.37244306814775,139.443528759311
2014-10-23,94.23668129709273,108.32408065532326,141.9609482608766
2014-10-24,94.16923106114106,108.4189847644485,141.99853390013934
2014-10-27,93.51499610266976,108.85043097377748,140.04776566449826
2014-10-28,93.45996708218455,109.18549605924528,137.6207469917686
2014-10-29,93.54921321107706,111.29527360357466,136.25005664944877
2014-10-30,93.46647610352986,110.07838926491955,137.3044313059425
2014-10-31,93.40830862825237,111.40038848523548,136.90563078735897
2014-11-03,93.39851186845573,110.77206708292056,139.0681719490387
2014-11-04,93.618052261648,111.16652232607413,144.2290248907339
2014-11-05,93.26166649914279,112.9468803654511,144.21496461253955
2014-11-06,92.37354140678286,111.1994633392118,148.89798613732233
2014-11-07,92.71996340328808,110.6413266666093,151.68372716230618
2014-11-10,94.04515417092041,112.49883489514043,152.98106746535422
2014-11-11,94.48724087696904,111.67481399458669,149.77883970971848
2014-11-12,95.25531430699367,110.77023685970272,150.72229053034778
2014-11-13,94.37828089806577,112.2960258854365,148.60197128793143
2014-11-14,94.33245625757911,112.61487422847546,149.2298331270695
2014-11-17,95.66181379384057,111.1098522599349,149.88750515582177
2014-11-18,94.76518622228191,110.82720771128159,151.1121797572302
2014-11-19,94.72858837803642,112.59114975131028,153.19588359868445
2014-11-20,94.25677101227016,110.63573468741573,154.11391715130594
2014-11-21,93.91637183035441,110.81025080041071,157.45636281332878
2014-11-24,93.20843616916811,111.26236137238521,156.42841390925574
2014-11-25,92.18247857491153,111.29652460289515,154.31036269937434
2014-11-26,91.66886773605812,111.99589451754596,156.20557716852815
2014-11-28,91.96417561447701,111.3966864158181,156.12209995391686
2014-12-01,91.18091922832863,111.58691177281693,154.83523447735215
2014-12-02,92.33156305510566,110.51691964743044,149.9206327380488
2014-12-03,91.82257178114656,110.53400998974935,151.2939229744344
2014-12-04,90.55086439073759,109.16422781549615,151.54241902601646
2014-12-05,91.2013050081731,108.37637990727013,153.50605159602517
2014-12-08,91.50840337437096,108.33282516632511,153.96680097139995
2014-12-09,91.38349552700596,110.10680466905517,152.85287256424786
2014-12-10,91.49756985275344,108.62334643648843,152.9272526319277
2014-12-11,91.3763732949008,107.78536568284294,150.5312953058761
2014-12-12,91.00086856821639,109.78784177260708,150.51898787559128
2014-12-15,91.60575522141373,108.97070265924748,154.3598129647119
2014-12-16,92.8957028829691,108.52751305725536,154.98708857331314
2014-12-17,93.16704199505284,107.60247423113303,157.04456952100765
2014-12-18,93.57790418967669,108.84497130797529,157.12002614026966
2014-12-19,94.32080189763401,110.32622340693503,154.4197395037669
2014-12-22,93.38874605335225,109.05680386017447,155.53673393764146
2014-12-23,94.3695747615392,109.18232134763926,158.04456139847892
2014-12-24,94.48298531735063,109.20124812327373,155.76883483958846
2014-12-26,94.91256028716995,109.10103250218685,155.93130941222714
2014-12-29,95.81567670267121,110.92186318573661,159.62472026704623
2014-12-30,94.87663198516603,110.88455500559546,160.59224527262154
2014-12-31,95.31169026282646,110.58891061126596,159.3582408706392
2015-01-02,95.63631462284651,110.29680035503866,157.02184093596966
2015-01-05,95.65107616807276,111.03407970704285,154.56681790408086
2015-01-06,95.60648121727947,112.50274808196328,157.878031881667
2015-01-07,93.75795415018807,110.91623057223381,155.34715857280958
2015-01-08,93.49895223143038,111.41629016340889,156.0133706738349
2015-01-09,93.97344836268567,112.31255575664171,156.0149759399176
2015-01-12,94.2183743003905,112.22789678397027,157.36825269897312
2015-01-13,93.90092622246233,112.95656231506408,162.22219303259635
2015-01-14,93.63153409330877,110.74253459434593,163.0148594398154
2015-01-15,93.11845640366965,110.54177173887496,167.0703143197676
2015-01-16,94.0676491899258,109.58792749641843,169.31454968343888
2015-01-20,94.16276156244997,108.54974414761575,171.1928496080669
2015-01-21,94.40759034524453,108.29758589929232,169.76285042348158
2015-01-22,95.27475109784139,108.27672447271348,167.39286289902844
2015-01-23,95.8198900665253,109.2248342874255,164.56559327308372
2015-01-26,95.4632412862576,109.78967256799082,170.48573783050605
2015-01-27,95.82839081456163,108.44661977492797,168.97914393052943
2015-01-28,96.19205975616845,108.67123866901677,165.5701946676629
2015-01-29,96.8571761328832,109.27710733067981,165.31020960452588
2015-01-30,97.86350367686227,108.7378690878787,165.06883948521093
2015-02-02,97.40247445779026,108.38170474018965,161.18929970829709
2015-02-03,97.852175214303,108.22957569442856,161.15381104984687
2015-02-04,98.35355800340412,107.35264240867204,162.6732141070088
2015-02-05,98.03936349807834,107.14350830851434,158.30087614643375
2015-02-06,97.9512813734324,108.4281270965944,155.495072689504
2015-02-09,98.24042598980155,108.82286417479808,160.05469009914214
2015-02-10,98.54451931797472,108.9512741754215,159.3703627325933
2015-02-11,98.49134906746141,109.18972968501733,161.42025622664647
2015-02-12,97.85107637078352,109.92663036474241,159.74546486811334
2015-02-13,97.97733852885241,110.4345073208287,163.89761563709075
2015-02-17,97.44472036751164,109.76146021465289,164.15760879934098
2015-02-18,99.4269897833067,109.61545568083571,169.29771974206793
2015-02-19,99.46364685934792,108.92839264940245,167.76497674923888
2015-02-20,100.71100334681351,108.23235359492054,167.51408270224036
2015-02-23,100.76992007995196,107.91713683462245,164.80793938518926
2015-02-24,100.7529197079302,107.48438927855419,165.46144199630902
2015-02-25,101.38099662854681,106.26322852762401,167.63507198762105
2015-02-26,101.71423774466957,106.3848808077998,164.72275169053768
2015-02-27,101.68836121473012,107.32262250898593,160.7319711204224
2015-03-02,101.71407458473446,106.6826161234805,159.21578144830008
2015-03-03,102.88616173285655,108.52343388059714,160.55895292850045
2015-03-04,103.2893052235525,110.9959387295948,160.72467122080937
2015-03-05,103.46781786949043,111.27077433154426,161.75047191588763
2015-03-06,104.2159522789361,111.89390671152572,162.89805784826902
2015-03-09,105.16941678727436,112.67804992611748,164.57667007556552
2015-03-10,106.03982108481486,112.63157970789183,164.24181943080052
2015-03-11,105.19678723456035,112.40087947211445,164.15509439487803
2015-03-12,105.46628701286882,110.61541083876438,166.47275538612524
2015-03-13,103.99406245994209,109.61546986546631,165.23429798424687
2015-03-16,103.57986492893914,110.73729647655463,166.30505325481957
2015-03-17,103.85919785890334,111.30342034283677,169.02993810307296
2015-03-18,103.57682642366171,114.07692131789733,167.6290124532869
2015-03-19,103.10988820530359,112.18555973297771,170.57351441430177
2015-03-20,102.32807431555395,111.93532697829204,169.7627610484008
2015-03-23,101.40350224119422,112.35806837393493,168.23778626674599
2015-03-24,101.88134029143941,113.84626188837119,169.0111329373073
2015-03-25,103.02778136280078,114.04185383709972,169.24399067490472
2015-03-26,103.01756749419378,113.47186442639929,169.4562058427245
2015-03-27,102.84720148073565,114.50846592022948,164.88479782589081
2015-03-30,103.39374241805423,115.93132881328349,163.21673804687308
2015-03-31,104.54059219906532,115.96930414953313,159.17253855384882
2015-04-01,104.28920734100194,116.15590047613124,156.57553790086868
2015-04-02,104.44124162011421,113.96888769711487,158.40581369797908
2015-04-06,105.16334416518048,114.41176866762439,154.942918744157
2015-04-07,106.94636534506533,114.19179632698092,155.0552517462368
2015-04-08,106.54433430006416,115.80323719336367,149.9196213079469
2015-04-09,105.80550660834504,114.23104276744095,151.80128854325946
2015-04-10,105.0136540916975,112.96040345253074,153.2319380067383
2015-04-13,104.71301748766207,113.01693198259754,153.5886640528517
2015-04-14,105.05831826956678,113.29218607315146,154.74919951743115
2015-04-15,105.95664027350487,113.59852932598936,152.4465160318117
2015-04-16,106.56948348870867,112.655286764899,155.46486162543286
2015-04-17,106.21267992799038,113.14737833987834,155.43725775067452
2015-04-20,107.0771847792545,113.48107975076279,156.35990300120903
2015-04-21,106.02141569515226,114.070102650561,158.4485387282244
2015-04-22,104.69508979444394,115.85626271303948,157.40338058448816
2015-04-23,104.0137725435231,118.31362689519571,158.03209920226166
2015-04-24,104.68867542553373,118.5646203703873,153.86598922247515
2015-04-27,104.94726337653978,118.17359250075121,156.94952571496302
2015-04-28,105.11473095592308,117.54424761409622,161.4841284626605
2015-04-29,104.3828897566185,116.95055276389316,159.77449029930105
2015-04-30,104.03024622729713,117.97416155756243,163.3418464284464
2015-05-01,103.5821631031306,119.67052014869799,156.32488578604688
2015-05-04,103.80087346993542,119.35318875595856,159.77756353607458
2015-05-05,102.7610586967807,119.7897033783254,161.1743505050665
2015-05-06,103.08633583244684,120.1216228454967,161.79235801853298
2015-05-07,103.39741540388603,119.92947106933627,159.87549836381555
2015-05-08,104.43611600380551,121.13559064275915,160.17855417129087
2015-05-11,103.96741873669762,119.48275884778494,158.26719493448073
2015-05-12,104.36892397106284,119.39879658851564,158.1660399611018
2015-05-13,104.51559464689812,118.73394391398938,161.97060439735523
2015-05-14,103.91267260751742,117.65808090846495,159.73763735067496
2015-05-15,104.70399709121676,118.30049572875606,158.65386653799118
2015-05-18,104.56807575992339,117.52299202243276,155.32410962810394
2015-05-19,104.26312116437859,116.5462540165392,154.0163764947527
2015-05-20,104.27150618968881,116.35933393043385,157.2324360744229
2015-05-21,104.02220326016312,116.35985535168794,158.21449829470083
2015-05-22,103.74837780804407,115.96990996810466,161.61177050719223
2015-05-26,104.39552865083952,115.53412047436176,157.9252419767666
2015-05-27,104.46364928515149,118.39957078093897,163.86419119675446
2015-05-28,105.42664430746181,118.61136864410467,162.53948476123398
2015-05-29,105.12450925301167,118.39998016319463,163.8479343121827
2015-06-01,104.9152758582353,117.99378933012136,163.42415812940513
2015-06-02,104.41545809536693,119.8607495793953,167.6393077196059
2015-06-03,104.99540568983836,119.7580951582607,170.5253782874209
2015-06-04,104.9320776072214,117.61451474894812,166.0552848106997
2015-06-05,104.85928238317763,114.60929129478903,165.7350134691425
2015-06-08,104.96294756618913,114.1972733520118,164.4095506425675
2015-06-09,104.41043642335403,112.85853506920111,168.68131316764146
2015-06-10,104.39581956473548,111.22589463169511,170.18493135016044
2015-06-11,104.32351441935508,113.25882547315733,166.67347097898107
2015-06-12,103.92485961910243,113.54136404447982,162.66771095354736
2015-06-15,103.65994626893362,115.07143487189902,162.0291777399721
2015-06-16,103.69487855098889,114.72033175893256,161.97379379658696
2015-06-17,102.65274885390119,114.88982034691985,162.43473793334502
2015-06-18,102.94408434202892,116.18145830861513,162.68193549074445
2015-06-19,101.8496548206861,115.75557028910015,161.94946359654966
2015-06-22,102.61824924552393,116.03894346668163,159.73178452869737
2015-06-23,103.03483775779249,115.92970509799459,161.5670094151222
2015-06-24,103.27655467221359,116.69182672453042,160.26302981157906
2015-06-25,104.1286569298287,117.00324731340234,156.84168297122676
2015-06-26,103.27259384244635,117.60270154023155,154.955732091075
2015-06-29,104.15348226097628,116.98369715225667,154.22945514922588
2015-06-30,103.69771189424249,115.48923579283083,153.77475486666737
2015-07-01,104.35213694097024,117.23912420668836,149.56017910057702
2015-07-02,103.30558725082861,118.51409738363773,147.9248812793651
2015-07-06,104.14646744523388,117.60432098159598,151.0402446507232
2015-07-07,104.24177721090676,115.73588843051606,153.333469050527
2015-07-08,103.95509898926237,115.23285747292152,154.68397189260338
2015-07-09,103.53203357733251,115.10759029426129,158.39172244049894
2015-07-10,101.17991322380533,116.80571583902491,158.83077255204773
2015-07-13,101.78723686567595,116.29853812375298,158.17291478773294
2015-07-14,101.59736519656231,116.9333315622549,157.04268700754545
2015-07-15,101.07220471729576,118.03304967788911,154.1174389534415
2015-07-16,101.2598849107997,116.70805225142087,155.58640379347406
2015-07-17,100.13112508979236,116.85372199120684,154.92425542469127
2015-07-20,99.7573458143508,115.56280128297854,152.45839044685894
2015-07-21,98.73789019489298,115.75599323552439,155.57379092619942
2015-07-22,98.95416514897549,116.96592562205437,152.6158202358221
2015-07-23,99.8079805651783,119.17226403704697,154.65185805441138
2015-07-24,100.7773603644142,118.71941522515066,153.16055231064047
2015-07-27,100.64807511961051,118.34895181801514,155.3960384753715
2015-07-28,100.07292885278885,121.02911279636926,153.35139031919195
2015-07-29,100.10281758605082,122.80014002636041,152.8181617072387
2015-07-30,100.36565989410578,122.95933249562735,154.3156895065376
2015-07-31,100.8115096708094,123.13820666080044,150.63855188547845
2015-08-03,100.73899379055942,120.71583852288126,153.0344430708717
2015-08-04,99.77114648602577,121.5904370316471,151.202312239471
2015-08-05,98.76133799014374,122.26076874092365,151.4300051618219
2015-08-06,98.74077778433498,123.60418139907084,148.85165638862722
2015-08-07,98.17045373765097,123.02685833680438,142.20823385592428
2015-08-10,98.38931603123527,122.98087779440756,144.1429907266683
2015-08-11,98.25855517264011,123.99240528172115,139.6623564016785
2015-08-12,98.79168972516194,122.21538901828463,136.5566735958684
2015-08-13,98.68147691577526,121.5623645730303,135.1552919565564
2015-08-14,98.38985030363537,119.42481291516815,131.8527973498875
2015-08-17,98.38158198725775,120.40177529941602,137.06689540904665
2015-08-18,98.33702554827492,120.76985084099489,136.92725804559595
2015-08-19,98.41451037235436,120.22600281690363,139.76261918158448
2015-08-20,98.16436132751687,122.75867877170477,136.73101163927242
2015-08-21,99.7794615349054,122.35300743669671,138.88807122486799
2015-08-24,99.62670367857794,123.2740591207857,138.1086607240802
2015-08-25,99.13946666718574,121.42356769725713,133.1745544179289
2015-08-26,99.56915641346619,122.5841804577886,134.30231075006392
2015-08-27,99.26342018301808,124.63374615851825,133.716028601725
2015-08-28,99.73129776182681,124.9999570459373,134.8521653865732
2015-08-31,99.1939274639944,123.70602997475498,135.01128957175519
2015-09-01,98.99707635322451,122.42823334629833,133.7813578657506
2015-09-02,98.348568461238,123.13782902412443,134.29352968787157
2015-09-03,99.37562378314259,121.75185243161815,131.53961003513328
2015-09-04,98.78562370061083,120.98726425364065,128.84478385086572
2015-09-08,98.83809681980759,120.76865976836993,125.07374617669508
2015-09-09,98.96450630573916,121.52031601812521,126.14132372315645
2015-09-10,99.50274216007608,122.43416004228116,124.66609177901758
2015-09-11,99.77564439100176,121.15984277781237,124.49814557403086
2015-09-14,99.97901261754026,122.03853759857735,126.42316793213278
2015-09-15,100.04980841190188,121.05167663906442,124.47325528012804
2015-09-16,99.1410961736569,121.53226687830725,117.80433958973398
2015-09-17,99.66426530825042,122.2034795344372,118.43934732781983
2015-09-18,100.05306547864879,120.30659012510341,122.91520300996136
2015-09-21,99.26770355204417,119.16442992812809,125.73464461796009
2015-09-22,98.95525963225822,119.73497556381092,124.73225591471629
2015-09-23,98.25801126816938,121.18746572672556,121.59260334676534
2015-09-24,98.13841293333611,120.04970946495742,121.60417144878491
2015-09-25,98.4833129277135,119.75355107302636,120.3002414467514
2015-09-28,98.62741784243619,119.88884906195285,121.46086524107878
2015-09-29,98.60167577681923,117.97780857818252,119.98865133573602
2015-09-30,99.88026893339143,116.13938573301259,120.31442342548797
2015-10-01,99.16954916674203,116.80549781603948,123.0232687532701
2015-10-02,99.87903904206874,117.98141559764844,119.84358300580662
2015-10-05,100.04780807424457,118.02175365158796,121.33385137005465
2015-10-06,100.2159209304065,117.37845674637823,119.67331463569272
2015-10-07,101.90978024649702,118.6751400848877,118.26309024839043
2015-10-08,101.51781013522171,117.1469752921874,116.24894925843333
2015-10-09,101.8121048493649,116.01466608904532,114.74173506728836
2015-10-12,102.07065548147847,117.6830171149957,115.0074820264474
2015-10-13,102.08044845184384,117.79388576069779,110.94429081432219
2015-10-14,101.4449110874815,117.29091380004914,111.91770755704523
2015-10-15,101.0350491699166,117.31169802321278,109.71125435598456
2015-10-16,101.43318175090243,117.20090670803947,110.99707865886221
2015-10-19,102.25680363420749,115.27486013521394,110.23535718607123
2015-10-20,102.51527586405093,115.24475298056686,110.66918763277607
2015-10-21,103.44908042481832,114.63749584568696,110.5522597197216
2015-10-22,103.36401322638268,113.50026712128977,111.48911605276355
2015-10-23,103.18138146818728,113.3138826130555,108.31569136375099
2015-10-26,102.84159419405773,114.00145475856552,110.63311917907787
2015-10-27,102.79494270828162,114.29576785363554,113.53250947438592
2015-10-28,102.14764839261643,114.0124431274159,112.62005683365834
2015-10-29,103.19420245070704,114.05684722948895,110.52485150966965
2015-10-30,103.48124582779204,113.99750118413843,111.8347121181198
2015-11-02,103.76521942816912,115.4350054322642,110.72150355176638
2015-11-03,103.89217673189522,116.64754875406643,110.65558566365782
2015-11-04,103.63949639134346,116.31889909039847,109.65470895898558
2015-11-05,103.3642141333609,114.73806251199237,109.14804402042834
2015-11-06,103.23755887523902,115.67686945135324,108.96310765649481
2015-11-09,103.15425387381964,115.85325173828853,107.45680131195058
2015-11-10,103.05888485357566,115.12727384499483,106.59532204337243
2015-11-11,103.10210693058951,116.49948127475072,105.30351232736757
2015-11-12,102.91048844556788,116.09451561337364,106.62041654040692
2015-11-13,103.48456637815308,116.37265512877768,106.58312739237854
2015-11-16,103.85084933538519,116.5435266976853,107.45820051878346
2015-11-17,104.86449488113593,118.2060031648332,108.68224939843705
2015-11-18,105.83497303301158,119.46013029846792,108.15600686335442
2015-11-19,106.55417144127036,118.80214836493187,107.25374588703218
2015-11-20,106.89164281186885,118.14140443208032,110.52329897682918
2015-11-23,107.59263473114858,116.78189443086498,110.5336059341262
2015-11-24,107.90972017807434,119.26281485430287,112.00216409689736
2015-11-25,108.16537396459441,119.58218769820014,111.35455681283197
2015-11-27,107.63162376860191,119.1593483204078,111.32949402781963
2015-11-30,106.98598354952917,119.07467591073399,112.46213921040668
2015-12-01,105.85066938245835,121.4198798929207,112.92309992358602
2015-12-02,105.79712558439212,120.90963315128444,110.578876811504
2015-12-03,105.20588691164669,121.39769365020186,107.36482509176376
2015-12-04,105.60553300921094,122.22556649971486,106.33287967991241
2015-12-07,106.25370749652998,120.75822195827172,107.11353256916372
2015-12-08,106.69225432178544,123.43045135414543,106.71683483685163
2015-12-09,106.83790161287708,123.7684542700767,103.75462133923541
2015-12-10,108.21706525279006,125.0568189717307,102.82769303138322
2015-12-11,107.91055939796568,124.98273300811984,99.37124310829537
2015-12-14,108.90417445764777,123.42083740893622,99.82501228856631
2015-12-15,109.68881343378939,123.85397407964413,100.72894209753129
2015-12-16,110.10500901129937,124.16813214460676,102.61809310985576
2015-12-17,110.71002969400797,122.11156703824176,106.34175635040816
2015-12-18,110.72401248645423,122.0460034046032,105.80161193144622
2015-12-21,111.22795721746654,124.4268678741253,106.55130811917749
2015-12-22,110.63489935998378,125.28645445220344,105.4136249967974
2015-12-23,110.08900265423706,124.51871035216483,104.93495478721643
2015-12-24,110.03608883500492,123.74869162028601,105.81549530459144
2015-12-28,109.18386124765853,125.00760080587978,106.0759486978077
2015-12-29,108.85826237957977,124.29550275696872,108.12081879828258
2015-12-30,109.52855914526913,122.4088473794383,108.73207797233907
2015-12-31,109.12996508697809,123.32354678416293,107.90137749970677
2016-01-04,109.0378845620393,122.52558920775525,109.67159225932932
2016-01-05,109.3791601139152,121.69213803466276,110.01883863916254
2016-01-06,108.74091996051189,122.71888131653188,112.385672518417
2016-01-07,108.46984454658815,124.37120956889544,112.22962555696593
2016-01-08,108.26328520355662,123.92843729379815,108.38118156381049
2016-01-11,108.81156129974967,124.35890218597197,108.10831389606615
2016-01-12,110.05078398670926,125.04970204473253,109.29199598222388
2016-01-13,109.94405454477052,125.63982629137918,109.5806963223146
2016-01-14,111.69267885067617,128.83457013455222,107.68605332134095
2016-01-15,112.09957317254855,128.41977632957742,105.35204436790289
2016-01-19,112.22823186130346,128.52740926971526,107.09588345398959
2016-01-20,112.16650199902631,128.70351695401737,107.65741258150624
2016-01-21,112.04533957800312,128.19202725814125,109.8394128576082
2016-01-22,112.03074528833322,126.4540899030403,111.35829706717287
2016-01-25,111.57300628641873,127.24884428297725,113.98675424451966
2016-01-26,112.37700630393232,127.1251254236799,114.40565994354317
2016-01-27,112.88229667948808,126.6814367213077,114.65338330955281
2016-01-28,113.0142973568037,127.19208194563768,115.5402217711693
2016-01-29,113.18205922411275,127.62717462204125,115.64535385739566
2016-02-01,113.34112975794015,127.19202676408737,113.84775957108448
2016-02-02,113.69193259331328,126.88877087465568,115.44946684753653
2016-02-03,113.58287236674,126.26213665610746,113.97963543049443
2016-02-04,113.76895123991684,129.65665874307828,113.94335052021421
2016-02-05,113.85622816165382,127.50917268665987,113.37674155330272
2016-02-08,114.05060976842812,127.62359462189889,118.1062074368494
2016-02-09,112.59677395276111,128.65775712649577,116.1108362223434
2016-02-10,113.21487973514441,130.35277047569608,114.9825668170477
2016-02-11,113.89335190657066,128.78173896542478,113.69451678484818
2016-02-12,115.48124369365507,126.11056507651412,118.21450851856422
2016-02-16,115.60280402678832,126.89045890407098,118.85588019077457
2016-02-17,116.52909627006396,124.69854531656378,117.34183080809142
2016-02-18,117.86305239168796,125.05479903157907,117.56059499428015
2016-02-19,118.48807398542212,125.1927093497618,113.78217258570345
2016-02-22,118.76030635557701,126.83333606883026,115.32462160026867
2016-02-23,120.04882871976712,127.35228086919666,115.42545788827222
2016-02-24,118.93826107138315,129.4369865568524,116.93158399044864
2016-02-25,120.19509978867902,129.64495920488008,116.02047282892862
2016-02-26,119.86273754281044,130.03985280895427,113.61213186870823
2016-02-29,120.15647435190989,129.5121424974816,113.25255847366853
2016-03-01,119.49763165333398,131.42757377905124,113.36618483732245
2016-03-02,118.94787070513748,131.21189865138365,111.9475338080466
2016-03-03,118.89014107162347,133.54697037153346,111.68232922730056
2016-03-04,120.35011262277023,133.47434978342827,110.37051792259605
2016-03-07,121.39322311205272,133.64702610192768,107.70525253132251
2016-03-08,121.0102370349655,134.79022599392388,107.16665161099421
2016-03-09,120.28257349958429,137.56850934690408,108.18489819531146
2016-03-10,119.69826219500544,136.02100563498044,110.8236446916063
2016-03-11,119.38538465522807,134.545716906606,111.09723929068757
2016-03-14,118.90786883717556,135.05491875872858,111.2201502200309
2016-03-15,118.35431991771698,134.84482834526028,109.53928506214476
2016-03-16,118.52185850301882,132.61642081082033,109.7175393503397
2016-03-17,117.53372120223547,132.21256511301877,109.79469317804612
2016-03-18,118.47119030621097,132.801295240682,110.3974763851001
2016-03-21,117.59298120841208,132.01458525163417,108.55128209050012
2016-03-22,117.11278277277697,130.09788488817867,107.26784734779386
2016-03-23,117.79594969232609,128.33374888209846,107.78936504467565
2016-03-24,116.07862976270036,129.70281547061663,107.66273055595065
2016-03-28,115.35404256972619,131.3850249088772,108.9871969972917
2016-03-29,114.47863611991963,130.76539994221778,106.65135710553275
2016-03-30,114.1157182343666,130.59903845736613,106.98048359264844
2016-03-31,113.6188531123882,132.00074602879198,108.2182465349531
2016-04-01,113.1970801695884,132.14800872409452,106.66034460505493
2016-04-04,113.4818050526002,132.6804405554016,107.7022334013802
2016-04-05,113.37833063341111,132.76516669592448,104.60984097714451
2016-04-06,113.97974819541966,134.24544698780983,105.00996566274644
2016-04-07,113.92006713293603,135.2916421917783,105.02466908989838
2016-04-08,112.94472285711005,134.2938731326717,105.07176019935511
2016-04-11,113.2008571415243,132.50408237071738,107.79722868210115
2016-04-12,111.55701569104457,133.87775291946824,107.9401792013073
2016-04-13,111.37462990063285,134.16357163666535,107.81210477741931
2016-04-14,111.89924034462622,136.41685482509814,107.54038306578049
2016-04-15,112.37521417426318,134.63602279210565,104.87522639230626
2016-04-18,113.34826513944519,135.3552681786328,99.99207282610911
2016-04-19,113.160198583598,135.35219121975547,98.79658689561613
2016-04-20,112.72277184664976,136.25244643697044,100.97334122808964
2016-04-21,112.79020055895876,135.2237869905016,103.123315776386
2016-04-22,113.28030095778954,136.8873892435058,100.69082883952389
2016-04-25,113.57486333944667,137.2819855628193,105.89078633419184
2016-04-26,112.3600091818741,137.04200415628173,104.64804533042741
2016-04-27,111.50791277565267,134.856223175271,109.19287869559084
2016-04-28,111.31141542150544,136.79924959833352,108.47949239919835
2016-04-29,112.56617996313865,136.18472791943472,108.4269477583939
2016-05-02,112.67989316904415,135.87360434732216,107.86770303881902
2016-05-03,112.01116479172708,135.83816336477344,107.56413588727843
2016-05-04,111.86592267767124,134.8958391117344,107.52740788625528
2016-05-05,111.68128636988999,135.49096328144523,108.49255411497712
2016-05-06,111.32513942392107,135.42928804222606,108.80453930710915
2016-05-09,111.08475986244224,136.20978117577656,109.41104079271558
2016-05-10,110.40171316775664,136.20209416547692,107.05849573688863
2016-05-11,110.16509360542322,134.64785279526373,108.47524404404255
2016-05-12,110.83969200224394,135.34704331212097,106.94656503987879
2016-05-13,110.22951005118233,134.35188784995148,106.31391856502668
2016-05-16,111.5969872804647,135.6066328201343,106.87725901402013
2016-05-17,112.62108939090182,134.4419885290797,106.05717972970692
2016-05-18,112.51667979211904,134.56814993864532,107.62548009174155
2016-05-19,111.72612514224969,135.94959678810088,105.06102522258462
2016-05-20,111.20891908107659,135.5508620607674,104.36946920615648
2016-05-23,111.57734339811358,134.62299369864948,105.48281549341246
2016-05-24,111.39194837186116,132.14069818927157,104.89719530661884
2016-05-25,111.64412571302837,132.39282176415253,101.8475892349715
2016-05-26,111.35258846570204,134.1840373022571,102.82005477345432
2016-05-27,111.2520476043019,133.62981365036947,105.68096202412192
2016-05-31,111.43744264267161,132.23272039993014,107.74983146865452
2016-06-01,111.44820546585635,133.60600911666432,107.2399839764413
2016-06-02,111.11265657199796,134.18595952261018,103.94540105322555
2016-06-03,111.58254736728222,132.08027209360347,103.25451896793805
2016-06-06,111.63588093461256,130.4163916928137,103.22667358779721
2016-06-07,111.39439517751241,132.31006277117794,102.90105331894951
2016-06-08,110.75722742357746,130.89799869027198,100.18323144649091
2016-06-09,111.32375332636039,131.9266503117303,100.95149977006555
2016-06-10,112.14151758200062,131.88030472246282,99.10062268977113
2016-06-13,111.46640266498459,132.19051155105365,99.7224049603403
2016-06-14,111.29644582334839,132.5499111893616,97.87024722447806
2016-06-15,111.39928988336285,132.22898444081423,100.78076347579865
2016-06-16,111.9465488389961,135.44820763468636,101.94377735744727
2016-06-17,111.08153596261964,134.56680856501856,104.89251320812362
2016-06-20,111.10878009120162,134.35654482534568,104.40647014747785
2016-06-21,111.64256347559237,135.2202513983557,106.40158454568896
2016-06-22,111.76458985294941,132.74340656583712,105.33431435412908
2016-06-23,111.49750261842624,131.3322768309194,103.34506899919975
2016-06-24,111.41172764780525,131.90374831897157,102.82512021301014
2016-06-27,111.80735741615835,131.61123579700254,102.34567889918445
2016-06-28,110.8310013277559,130.05350196019046,100.24507178045555
2016-06-29,110.9430223051838,129.39499358713746,99.55703570759127
2016-06-30,110.57991347216573,128.45269015109562,100.98040995693303
2016-07-01,112.2313602436087,127.79235833268729,99.00177736252814
2016-07-05,112.38268838235135,127.36176101736226,98.53489789424921
2016-07-06,112.80947639823538,128.2115495370424,98.97337916738643
2016-07-07,112.66823041621323,128.2904050488792,102.22235949463546
2016-07-08,113.61105327184599,129.50861893185908,105.0367062336284
2016-07-11,113.7054598386726,130.72965361695498,106.50998168021614
2016-07-12,113.98067102626125,130.35859302741866,108.59868580407331
2016-07-13,113.21149998565024,132.84514959901236,108.638079702607
2016-07-14,112.41561989634064,132.96664272667994,108.76282428660117
2016-07-15,111.91390701955768,133.03714707955803,109.78133487313995
2016-07-18,112.34539326489718,132.4720451525687,109.60222900799909
2016-07-19,112.60979132893769,132.8683648812667,110.81321128096266
2016-07-20,111.61025599858024,132.00864366304404,113.54859337800539
2016-07-21,111.50580289798279,131.88479345173693,111.44910605789659
2016-07-22,111.92746434194052,133.74771455882774,108.06647989994381
2016-07-25,112.74873308030453,133.91955321184335,107.54199664624622
2016-07-26,113.2604196348131,133.03252991051272,104.55652103157314
2016-07-27,113.72689781763229,134.8717305429407,106.182900136599
2016-07-28,114.05259609965695,134.9368807724408,107.36861755163697
2016-07-29,113.55857578704543,133.44661419888664,107.7061562312197
2016-08-01,113.3931550360476,131.77253666722493,105.19659329381193
2016-08-02,112.81150284645284,131.39119711871558,106.0653554516879
2016-08-03,112.86964463770701,132.60114080288523,103.0408363629888
2016-08-04,114.0082154026017,133.09096146444983,101.83342826511067
2016-08-05,113.39700686824807,135.01529264317222,103.6058160367454
2016-08-08,112.72620953780846,132.90719184557872,105.04290259391003
2016-08-09,110.6262000922342,133.59396725113402,102.31958146292769
2016-08-10,111.48146972662758,135.8871706082701,102.31715163052692
2016-08-11,111.6245496726466,133.8769250507856,101.15391942369294
2016-08-12,111.75552253923311,133.57956291977126,99.30460274900544
2016-08-15,112.08944081249827,133.7967917258803,99.78742925636266
2016-08-16,112.0150865515683,135.07523136049582,101.02378138874612
2016-08-17,111.9527947846647,135.00635053034836,102.88608509814412
2016-08-18,111.85070541558758,131.5469226125744,100.58474963156524
2016-08-19,110.85979753213626,132.25548684917496,102.70503205008016
2016-08-22,111.82331084341827,131.49996699751654,105.32863509877873
2016-08-23,112.10606756338426,133.4683996319275,106.94625898457528
2016-08-24,112.54781538776513,133.83502688990148,103.7172605958117
2016-08-25,112.93504492043056,130.88487635613856,106.89010284976341
2016-08-26,113.94146184046195,131.42782782987484,103.54927335053966
2016-08-29,114.84959912555657,131.40802480362825,104.68127372396236
2016-08-30,113.69573898748109,132.61711014286232,107.88829299956913
2016-08-31,114.67428502674763,133.54213867191123,104.75982295965194
2016-09-01,114.68220937205967,131.8987526674598,103.09874909285061
2016-09-02,114.94504342070125,130.869199597326,102.47708716486677
2016-09-06,114.98867136936902,132.19343964089896,105.10723944741991
2016-09-07,115.39690298648351,130.45900710131255,105.41958095913932
2016-09-08,115.58264570716686,130.31629233777386,109.85705182766068
2016-09-09,116.06389842696301,128.72271682388913,111.47164925651406
2016-09-12,116.04675212541424,128.2733570917165,111.7947121617952
2016-09-13,115.21233637441729,127.48218101346787,109.94016932039722
2016-09-14,115.6014290559504,128.7764691450517,111.19510264741368
2016-09-15,114.96310110630682,130.2829847560734,115.31372054111095
2016-09-16,114.66335624664886,130.81690818625086,111.22949533128927
2016-09-19,114.64224616166992,130.88825713852478,110.83093182766724
2016-09-20,113.71471028228054,130.68127398375447,110.3105805233062
2016-09-21,112.79132173279238,130.79836015039953,108.96736300183112
2016-09-22,112.25830316631084,129.3728635965764,108.40256388077236
2016-09-23,112.00444441552247,128.20254073296664,107.12151573307493
2016-09-26,112.46918283087354,128.27421898910987,106.8291017001403
2016-09-27,112.89106090824424,127.19626130673213,106.26320242248148
2016-09-28,113.7865129355475,127.53820953450148,107.72206042952115
2016-09-29,113.35010326781396,127.62517525005278,107.46892551024386
2016-09-30,113.4871863180171,127.89961813210726,108.85385625106629
2016-10-03,112.56625130218438,127.54993295092817,105.84204541627554
2016-10-04,112.60305822253218,127.33510712588523,105.85187626862958
2016-10-05,114.33489554971466,128.88435548935036,107.37091488137202
2016-10-06,114.40397151402345,128.15626776427428,107.03072610006846
2016-10-07,115.74873141934346,129.51859780639887,106.17917411364321
2016-10-10,115.47119239752806,128.33467839211445,106.40248953735322
2016-10-11,115.10608393052823,129.36637399639937,107.78988338952774
2016-10-12,115.81930824851426,128.0709745047405,106.42048366473956
2016-10-13,116.44486909940339,128.46920398818412,105.24183682161811
2016-10-14,116.57658867820246,127.43228658466927,103.17913147322582
2016-10-17,118.29129220965396,128.3739195608348,101.97690210267584
2016-10-18,118.7520731888328,129.51203647042593,103.76634955239238
2016-10-19,117.24446999961562,130.1135299518999,99.61570451833657
2016-10-20,117.11888462538205,130.48892040531672,101.86469536049995
2016-10-21,116.42886775428639,128.85266189494504,104.03957096655206
2016-10-24,118.0597944734291,131.32315771268705,102.76747461769307
2016-10-25,116.19242824594235,130.73539489336218,104.19456788824817
2016-10-26,117.2648590740068,131.83765277189946,104.60539168176837
2016-10-27,116.89117256607348,129.7261109392828,103.69642614550344
2016-10-28,116.59820942516554,130.33670933784495,101.39208637721734
2016-10-31,116.54029415702647,129.5623340867695,99.03987889919048
2016-11-01,116.26570748083809,128.70254747418252,99.36422578378037
2016-11-02,117.2352172331439,128.38735302451238,99.34600514555316
2016-11-03,116.95965130388862,128.6203909156278,99.34416721046115
2016-11-04,117.79118907299531,128.95058527823346,100.14143618717807
2016-11-07,117.85289460344167,128.21633530624823,101.12271016648457
2016-11-08,117.90021010217065,127.97898453404807,104.36756273860982
2016-11-09,117.55415294463805,128.78166244098017,107.76024519880987
2016-11-10,118.078509150706,128.28507304942633,106.10146996676093
2016-11-11,118.80436937006706,127.74828943983204,104.70515164671117
2016-11-14,118.93006603373804,125.68221484890644,102.83063139962258
2016-11-15,118.44628291469621,124.51181685897743,102.38607990783923
2016-11-16,117.95614820731966,122.05161889018687,102.0504231620738
2016-11-17,118.4128753353957,122.22043479943535,102.52050033994715
2016-11-18,117.01419519775816,124.05750894441883,104.36123171885167
2016-11-21,117.40686853107835,123.15254949024428,103.30655337001987
2016-11-22,117.66648822132242,123.5894670341127,102.83380848232055
2016-11-23,116.71290102704332,123.11425790878866,104.69589536859758
2016-11-25,117.94335402468407,124.6615330814197,106.37394278693954
2016-11-28,117.94797851733273,122.71974075788715,105.35718047794633
2016-11-29,118.75553344971756,119.63554683982375,105.75075369168476
2016-11-30,118.70468812239113,120.05864559131528,106.02200241652393
2016-12-01,117.67675864039192,118.50553489697597,104.40334744370327
2016-12-02,119.04463815988561,118.71466155573528,103.59846746448791
2016-12-05,118.19422327593729,120.04260184072398,101.47210953441613
2016-12-06,118.17876180199715,122.27610202820188,103.81306165895978
2016-12-07,118.65288968735688,122.78590115821918,103.35002449148014
2016-12-08,118.30872855982896,122.85570422373154,103.24770824298332
2016-12-09,118.19846938290951,123.49906293875979,105.36919396989367
2016-12-12,118.07627231243004,122.46686528894752,105.61723159036363
2016-12-13,118.77225436329363,123.79021331218209,107.0327869390352
2016-12-14,118.04983342316667,124.4259021307352,107.95433011678588
2016-12-15,118.59703426403846,124.48387325319268,107.0486794213531
2016-12-16,119.68571350913143,125.70001245617408,107.51739785891723
2016-12-19,120.28152102157283,125.69855749012875,103.6008916450555
2016-12-20,120.45990169656459,125.07817283888856,100.91893529116494
2016-12-21,121.86597734885034,124.9589494990812,101.31607629048447
2016-12-22,121.14067305086135,126.89566491190915,102.55283066381233
2016-12-23,120.93844750896113,126.39479826319031,104.77080923393808
2016-12-27,120.22276472956435,127.96805236135637,102.7776395368752
2016-12-28,121.60367576517662,129.58631719109115,102.68605270406874
2016-12-29,121.60963180479446,127.40022592385318,101.2502785122079
2016-12-30,122.60842562514614,128.71345223932366,101.8599528046399
2017-01-03,123.38518265389305,129.5574632559072,100.81592125468374
2017-01-04,123.01868998474772,130.2758556176802,100.39814018999652
2017-01-05,123.23263826550244,130.92317867383085,101.10986833120246
2017-01-06,123.02584840661548,130.49936584577745,99.72468982354489
2017-01-09,122.14033525890889,131.4195136771927,100.77509425763954
2017-01-10,122.38982878777357,129.88077634238223,100.90520968245589
2017-01-11,120.92803118570272,129.15245472033962,103.4501326579568
2017-01-12,120.13160303408856,128.20849092045918,105.02832705295445
2017-01-13,119.38738703491308,128.90269180325677,105.39562947030188
2017-01-17,117.97328761866581,128.89054351027949,103.63628245020038
2017-01-18,117.00684075467613,127.74857676079485,103.51848483837153
2017-01-19,116.68406486067752,128.17486524656277,103.75153341850803
2017-01-20,115.65125993804993,129.55604117783318,102.30970493810715
2017-01-23,116.3317727089675,129.48247438829594,101.88160595677074
2017-01-24,114.68448272392001,130.23327704663058,101.57216563437747
2017-01-25,114.02123398103235,131.55660877360006,98.6241255398745
2017-01-26,114.14863893551443,133.47005067553357,99.18834712544783
2017-01-27,113.77932956261017,133.6022983007118,98.82242494442546
2017-01-30,114.34241561554136,134.2262353185477,100.88622481224624
2017-01-31,113.79519974438158,133.84512746045417,99.44563487039176
2017-02-01,114.18017278590467,134.87536019957665,96.82676855598932
2017-02-02,114.5741236534838,133.92421035846047,95.86109347782575
2017-02-03,114.27047434826025,134.65243369365018,96.20840152394724
2017-02-06,116.75094353004917,134.9473280299633,94.30917619071366
2017-02-07,116.99985694748034,134.6814118948978,92.53994506533193
2017-02-08,117.12398315658655,134.80841686017956,91.19117287081741
2017-02-09,117.61708426224622,135.6853998868859,93.10902640300216
2017-02-10,116.6224923157157,136.10412498636725,92.81512111413409
2017-02-13,116.82589910457013,133.57152411019686,93.35571933083943
2017-02-14,116.4285768041556,133.2689975450642,95.87579941761844
2017-02-15,115.7232531482333,130.52878818343353,95.91310653747672
2017-02-16,114.49104842745123,128.3496447334039,95.06559288704499
2017-02-17,114.56897576504615,130.95240995888378,97.99506212784091
2017-02-21,114.49374596189044,131.6045387321387,98.45297246143306
2017-02-22,114.56045145127834,132.17550065177997,99.28623281150438
2017-02-23,113.81809202813174,132.12878362975778,98.59998317724565
2017-02-24,114.29317320984951,134.07084338530777,99.07924836227731
2017-02-27,113.60364573600953,133.84870901739296,99.253982858983
2017-02-28,113.16875418349372,133.67646908198031,98.89327946105882
2017-03-01,113.37362963496865,133.31701914088652,99.67958503458333
2017-03-02,113.99795685296552,134.04455838257445,97.87341152984112
2017-03-03,113.39892935309678,133.77925479985305,95.07255184651146
2017-03-06,114.81653246164058,132.57754548014867,95.41497721173971
2017-03-07,114.792944229983,134.8713723538438,96.65162119806195
2017-03-08,114.98550254546284,135.15023935269383,94.72081012950656
2017-03-09,113.90290283678176,133.92992377206429,93.78575660804974
2017-03-10,114.33268629875286,134.28314602135953,95.24683221998171
2017-03-13,113.1059847570305,133.9881176558827,96.00592691451963
2017-03-14,110.96014834713137,133.58858333539501,98.90089281202782
2017-03-15,109.79099466065765,131.87239572299103,98.83597453453011
2017-03-16,109.80352132346795,131.6638262988423,99.59589946084019
2017-03-17,109.93398487659412,133.89225075912256,100.86062926756802
2017-03-20,109.372045858639,136.46707190393428,100.89660471938477
2017-03-21,109.77499481850839,137.3633708614074,102.33851583331239
2017-03-22,109.89850749041203,138.83319252461504,100.47530798167259
2017-03-23,110.45653466590062,141.94786534287647,100.71415134181909
2017-03-24,111.32449814994314,142.58446098611176,101.45559680360266
2017-03-27,111.49934045283484,141.72475068795987,101.7218379125099
2017-03-28,111.43204216094983,139.90886936596448,101.16663376185066
2017-03-29,112.0542101404718,140.79793366934754,100.89371465325763
2017-03-30,110.92040051610942,140.19098915081292,100.23403693122899
2017-03-31,111.31896806861673,141.4297095683345,100.93891669348164
2017-04-03,112.1311274634733,143.33602878405628,101.98666466890883
2017-04-04,113.04708314377824,143.47864893593848,100.68076306266745
2017-04-05,113.79845402125454,145.43724563731396,102.91334092997513
2017-04-06,113.59915990718534,146.4353036025309,102.49730639677624
2017-04-07,114.31183541410134,148.6311643322527,103.30660332200155
2017-04-10,114.79920616116252,147.95920692108817,106.16809393375948
2017-04-11,114.4506764515295,145.45337674287458,103.69483046417402
2017-04-12,113.57592254782459,145.09379442851568,104.38176238934075
2017-04-13,114.43119211887092,145.3592855382404,107.0736941182945
2017-04-17,114.44135423225435,144.0340718923402,106.42115589591555
2017-04-18,114.41979686713415,142.3655329456408,106.4476445781468
2017-04-19,115.1969370371576,144.02808030356434,108.61209338163626
2017-04-20,116.61737479912104,146.370056387437,111.40764659920919
2017-04-21,115.85595175437668,147.37788300863522,115.83757583982161
2017-04-24,116.35685876335415,146.18025211060117,114.03863510310822
2017-04-25,116.44230746710038,146.48182210931245,112.65232438152495
2017-04-26,116.68658043509967,146.740312186846,111.85871924604972
2017-04-27,116.38283141442508,145.1520773553921,115.30897379804544
2017-04-28,117.12838582240572,145.9816245754842,115.45708598933733
2017-05-01,118.06448422350113,142.90425927204987,115.02515280811963
2017-05-02,117.65306573220396,142.54551782398946,114.63264558767597
2017-05-03,116.3390141132548,144.99738186441564,115.33355997278919
2017-05-04,116.32605663632079,146.53604507502487,113.66326793344092
2017-05-05,116.47996446384815,145.60722622871057,115.34307119266266
2017-05-08,116.90294936620234,148.48112566323604,119.05094553016923
2017-05-09,116.1696378328697,150.09370089617778,118.80637071752028
2017-05-10,114.32640264133718,151.03400481652434,119.17567080035737
2017-05-11,114.37081547464165,152.39717767796566,119.5197718766721
2017-05-12,114.96144886415063,150.16253300163825,117.76027832820071
2017-05-15,115.35486662289262,148.52697582988182,115.0714645898913
2017-05-16,116.38800744404978,149.07047816369513,113.08663745825756
2017-05-17,115.90198644703797,148.69596888253355,111.75750121961202
2017-05-18,114.72341463410508,150.89834022880217,111.52531760714126
2017-05-19,115.4114431198984,151.86964285593672,110.99252775634093
2017-05-22,115.52148489279617,151.19954674389191,114.6944763736423
2017-05-23,116.18496673217346,150.5767366023621,115.33806126302042
2017-05-24,114.79724464347686,150.75342846680317,114.82023688438663
2017-05-25,114.76223346395703,148.61816338337394,117.59761267290773
2017-05-26,114.47548921547278,149.41985930777815,116.49345494746308
2017-05-30,113.52131675240724,147.17476621540948,116.52776529999616
2017-05-31,115.07593237354926,147.04599592855186,117.53258870298752
2017-06-01,115.01350763502431,146.7153473263013,117.51129995120617
2017-06-02,113.75601285054319,148.67467331870617,116.91628844985476
2017-06-05,113.95985948264415,151.56649132262933,118.84277171908377
2017-06-06,113.41384659453604,153.40054555049213,117.79226445377047
2017-06-07,113.40562346022105,153.20730759655862,115.78878337638331
2017-06-08,112.92281948286613,153.54209555228192,115.90224000465574
2017-06-09,113.70902828461936,153.18630687906966,114.67167752534014
2017-06-12,113.61362824974204,153.38243263285136,114.48546561965973
2017-06-13,114.64652006483098,151.96397055894903,116.70588327467472
2017-06-14,115.13671655628536,151.10922759548262,116.26437334695848
2017-06-15,115.53132908791319,149.39837407352155,116.530375481924
2017-06-16,115.4411452171393,147.60969723282113,118.12112460760476
2017-06-19,116.00702940671438,147.09389829762517,117.33925853944801
2017-06-20,116.41338652096849,148.3983573917419,117.25201159296157
2017-06-21,116.48389967360866,148.0638188956172,116.86969804932463
2017-06-22,114.9184862171299,146.69725715246975,115.21862744520422
2017-06-23,115.34916097207062,147.53977693562683,116.91584157599631
2017-06-26,115.45204498668782,146.7272581659741,118.75266457711611
2017-06-27,114.41958708842272,143.90031863866608,118.26372173988878
2017-06-28,115.3925385107611,142.8487116344339,117.65997466466919
2017-06-29,115.23232586645578,143.05343457721807,118.0712257348646
2017-06-30,114.39937997709431,143.80381395046473,117.80705270783638
